[{
  "name": "Afghanistan",
  "alpha2": "AF",
  "alpha3": "AFG",
  "region": "Asia",
  "subRegion": "Southern Asia"
}, {
  "name": "Åland Islands",
  "alpha2": "AX",
  "alpha3": "ALA",
  "region": "Europe",
  "subRegion": "Northern Europe"
}, {
  "name": "Albania",
  "alpha2": "AL",
  "alpha3": "ALB",
  "region": "Europe",
  "subRegion": "Southern Europe"
}, {
  "name": "Algeria",
  "alpha2": "DZ",
  "alpha3": "DZA",
  "region": "Africa",
  "subRegion": "Northern Africa"
}, {
  "name": "American Samoa",
  "alpha2": "AS",
  "alpha3": "ASM",
  "region": "Oceania",
  "subRegion": "Polynesia"
}, {
  "name": "Andorra",
  "alpha2": "AD",
  "alpha3": "AND",
  "region": "Europe",
  "subRegion": "Southern Europe"
}, {
  "name": "Angola",
  "alpha2": "AO",
  "alpha3": "AGO",
  "region": "Africa",
  "subRegion": "Sub-Saharan Africa"
}, {
  "name": "Anguilla",
  "alpha2": "AI",
  "alpha3": "AIA",
  "region": "Americas",
  "subRegion": "Latin America and the Caribbean"
}, {
  "name": "Antarctica",
  "alpha2": "AQ",
  "alpha3": "ATA",
  "region": "",
  "subRegion": ""
}, {
  "name": "Antigua and Barbuda",
  "alpha2": "AG",
  "alpha3": "ATG",
  "region": "Americas",
  "subRegion": "Latin America and the Caribbean"
}, {
  "name": "Argentina",
  "alpha2": "AR",
  "alpha3": "ARG",
  "region": "Americas",
  "subRegion": "Latin America and the Caribbean"
}, {
  "name": "Armenia",
  "alpha2": "AM",
  "alpha3": "ARM",
  "region": "Asia",
  "subRegion": "Western Asia"
}, {
  "name": "Aruba",
  "alpha2": "AW",
  "alpha3": "ABW",
  "region": "Americas",
  "subRegion": "Latin America and the Caribbean"
}, {
  "name": "Australia",
  "alpha2": "AU",
  "alpha3": "AUS",
  "region": "Oceania",
  "subRegion": "Australia and New Zealand"
}, {
  "name": "Austria",
  "alpha2": "AT",
  "alpha3": "AUT",
  "region": "Europe",
  "subRegion": "Western Europe"
}, {
  "name": "Azerbaijan",
  "alpha2": "AZ",
  "alpha3": "AZE",
  "region": "Asia",
  "subRegion": "Western Asia"
}, {
  "name": "Bahamas",
  "alpha2": "BS",
  "alpha3": "BHS",
  "region": "Americas",
  "subRegion": "Latin America and the Caribbean"
}, {
  "name": "Bahrain",
  "alpha2": "BH",
  "alpha3": "BHR",
  "region": "Asia",
  "subRegion": "Western Asia"
}, {
  "name": "Bangladesh",
  "alpha2": "BD",
  "alpha3": "BGD",
  "region": "Asia",
  "subRegion": "Southern Asia"
}, {
  "name": "Barbados",
  "alpha2": "BB",
  "alpha3": "BRB",
  "region": "Americas",
  "subRegion": "Latin America and the Caribbean"
}, {
  "name": "Belarus",
  "alpha2": "BY",
  "alpha3": "BLR",
  "region": "Europe",
  "subRegion": "Eastern Europe"
}, {
  "name": "Belgium",
  "alpha2": "BE",
  "alpha3": "BEL",
  "region": "Europe",
  "subRegion": "Western Europe"
}, {
  "name": "Belize",
  "alpha2": "BZ",
  "alpha3": "BLZ",
  "region": "Americas",
  "subRegion": "Latin America and the Caribbean"
}, {
  "name": "Benin",
  "alpha2": "BJ",
  "alpha3": "BEN",
  "region": "Africa",
  "subRegion": "Sub-Saharan Africa"
}, {
  "name": "Bermuda",
  "alpha2": "BM",
  "alpha3": "BMU",
  "region": "Americas",
  "subRegion": "Northern America"
}, {
  "name": "Bhutan",
  "alpha2": "BT",
  "alpha3": "BTN",
  "region": "Asia",
  "subRegion": "Southern Asia"
}, {
  "name": "Bolivia (Plurinational State of)",
  "alpha2": "BO",
  "alpha3": "BOL",
  "region": "Americas",
  "subRegion": "Latin America and the Caribbean"
}, {
  "name": "Bonaire, Sint Eustatius and Saba",
  "alpha2": "BQ",
  "alpha3": "BES",
  "region": "Americas",
  "subRegion": "Latin America and the Caribbean"
}, {
  "name": "Bosnia and Herzegovina",
  "alpha2": "BA",
  "alpha3": "BIH",
  "region": "Europe",
  "subRegion": "Southern Europe"
}, {
  "name": "Botswana",
  "alpha2": "BW",
  "alpha3": "BWA",
  "region": "Africa",
  "subRegion": "Sub-Saharan Africa"
}, {
  "name": "Bouvet Island",
  "alpha2": "BV",
  "alpha3": "BVT",
  "region": "Americas",
  "subRegion": "Latin America and the Caribbean"
}, {
  "name": "Brazil",
  "alpha2": "BR",
  "alpha3": "BRA",
  "region": "Americas",
  "subRegion": "Latin America and the Caribbean"
}, {
  "name": "British Indian Ocean Territory",
  "alpha2": "IO",
  "alpha3": "IOT",
  "region": "Africa",
  "subRegion": "Sub-Saharan Africa"
}, {
  "name": "Brunei Darussalam",
  "alpha2": "BN",
  "alpha3": "BRN",
  "region": "Asia",
  "subRegion": "South-eastern Asia"
}, {
  "name": "Bulgaria",
  "alpha2": "BG",
  "alpha3": "BGR",
  "region": "Europe",
  "subRegion": "Eastern Europe"
}, {
  "name": "Burkina Faso",
  "alpha2": "BF",
  "alpha3": "BFA",
  "region": "Africa",
  "subRegion": "Sub-Saharan Africa"
}, {
  "name": "Burundi",
  "alpha2": "BI",
  "alpha3": "BDI",
  "region": "Africa",
  "subRegion": "Sub-Saharan Africa"
}, {
  "name": "Cabo Verde",
  "alpha2": "CV",
  "alpha3": "CPV",
  "region": "Africa",
  "subRegion": "Sub-Saharan Africa"
}, {
  "name": "Cambodia",
  "alpha2": "KH",
  "alpha3": "KHM",
  "region": "Asia",
  "subRegion": "South-eastern Asia"
}, {
  "name": "Cameroon",
  "alpha2": "CM",
  "alpha3": "CMR",
  "region": "Africa",
  "subRegion": "Sub-Saharan Africa"
}, {
  "name": "Canada",
  "alpha2": "CA",
  "alpha3": "CAN",
  "region": "Americas",
  "subRegion": "Northern America"
}, {
  "name": "Cayman Islands",
  "alpha2": "KY",
  "alpha3": "CYM",
  "region": "Americas",
  "subRegion": "Latin America and the Caribbean"
}, {
  "name": "Central African Republic",
  "alpha2": "CF",
  "alpha3": "CAF",
  "region": "Africa",
  "subRegion": "Sub-Saharan Africa"
}, {
  "name": "Chad",
  "alpha2": "TD",
  "alpha3": "TCD",
  "region": "Africa",
  "subRegion": "Sub-Saharan Africa"
}, {
  "name": "Chile",
  "alpha2": "CL",
  "alpha3": "CHL",
  "region": "Americas",
  "subRegion": "Latin America and the Caribbean"
}, {
  "name": "China",
  "alpha2": "CN",
  "alpha3": "CHN",
  "region": "Asia",
  "subRegion": "Eastern Asia",
  "alternativeName": ["Mainland China"]
}, {
  "name": "Christmas Island",
  "alpha2": "CX",
  "alpha3": "CXR",
  "region": "Oceania",
  "subRegion": "Australia and New Zealand"
}, {
  "name": "Cocos (Keeling) Islands",
  "alpha2": "CC",
  "alpha3": "CCK",
  "region": "Oceania",
  "subRegion": "Australia and New Zealand"
}, {
  "name": "Colombia",
  "alpha2": "CO",
  "alpha3": "COL",
  "region": "Americas",
  "subRegion": "Latin America and the Caribbean"
}, {
  "name": "Comoros",
  "alpha2": "KM",
  "alpha3": "COM",
  "region": "Africa",
  "subRegion": "Sub-Saharan Africa"
}, {
  "name": "Congo",
  "alpha2": "CG",
  "alpha3": "COG",
  "region": "Africa",
  "subRegion": "Sub-Saharan Africa",
  "alternativeName": ["Congo (Kinshasa)"]
}, {
  "name": "Congo, Democratic Republic of the",
  "alpha2": "CD",
  "alpha3": "COD",
  "region": "Africa",
  "subRegion": "Sub-Saharan Africa",
  "alternativeName": ["Congo (Brazzaville)"]
}, {
  "name": "Cook Islands",
  "alpha2": "CK",
  "alpha3": "COK",
  "region": "Oceania",
  "subRegion": "Polynesia"
}, {
  "name": "Costa Rica",
  "alpha2": "CR",
  "alpha3": "CRI",
  "region": "Americas",
  "subRegion": "Latin America and the Caribbean"
}, {
  "name": "Côte d'Ivoire",
  "alpha2": "CI",
  "alpha3": "CIV",
  "region": "Africa",
  "subRegion": "Sub-Saharan Africa",
  "alternativeName": ["Cote d'Ivoire"]
}, {
  "name": "Croatia",
  "alpha2": "HR",
  "alpha3": "HRV",
  "region": "Europe",
  "subRegion": "Southern Europe"
}, {
  "name": "Cuba",
  "alpha2": "CU",
  "alpha3": "CUB",
  "region": "Americas",
  "subRegion": "Latin America and the Caribbean"
}, {
  "name": "Curaçao",
  "alpha2": "CW",
  "alpha3": "CUW",
  "region": "Americas",
  "subRegion": "Latin America and the Caribbean"
}, {
  "name": "Cyprus",
  "alpha2": "CY",
  "alpha3": "CYP",
  "region": "Asia",
  "subRegion": "Western Asia"
}, {
  "name": "Czechia",
  "alpha2": "CZ",
  "alpha3": "CZE",
  "region": "Europe",
  "subRegion": "Eastern Europe"
}, {
  "name": "Denmark",
  "alpha2": "DK",
  "alpha3": "DNK",
  "region": "Europe",
  "subRegion": "Northern Europe"
}, {
  "name": "Djibouti",
  "alpha2": "DJ",
  "alpha3": "DJI",
  "region": "Africa",
  "subRegion": "Sub-Saharan Africa"
}, {
  "name": "Dominica",
  "alpha2": "DM",
  "alpha3": "DMA",
  "region": "Americas",
  "subRegion": "Latin America and the Caribbean"
}, {
  "name": "Dominican Republic",
  "alpha2": "DO",
  "alpha3": "DOM",
  "region": "Americas",
  "subRegion": "Latin America and the Caribbean"
}, {
  "name": "Ecuador",
  "alpha2": "EC",
  "alpha3": "ECU",
  "region": "Americas",
  "subRegion": "Latin America and the Caribbean"
}, {
  "name": "Egypt",
  "alpha2": "EG",
  "alpha3": "EGY",
  "region": "Africa",
  "subRegion": "Northern Africa"
}, {
  "name": "El Salvador",
  "alpha2": "SV",
  "alpha3": "SLV",
  "region": "Americas",
  "subRegion": "Latin America and the Caribbean"
}, {
  "name": "Equatorial Guinea",
  "alpha2": "GQ",
  "alpha3": "GNQ",
  "region": "Africa",
  "subRegion": "Sub-Saharan Africa"
}, {
  "name": "Eritrea",
  "alpha2": "ER",
  "alpha3": "ERI",
  "region": "Africa",
  "subRegion": "Sub-Saharan Africa"
}, {
  "name": "Estonia",
  "alpha2": "EE",
  "alpha3": "EST",
  "region": "Europe",
  "subRegion": "Northern Europe"
}, {
  "name": "Eswatini",
  "alpha2": "SZ",
  "alpha3": "SWZ",
  "region": "Africa",
  "subRegion": "Sub-Saharan Africa"
}, {
  "name": "Ethiopia",
  "alpha2": "ET",
  "alpha3": "ETH",
  "region": "Africa",
  "subRegion": "Sub-Saharan Africa"
}, {
  "name": "Falkland Islands (Malvinas)",
  "alpha2": "FK",
  "alpha3": "FLK",
  "region": "Americas",
  "subRegion": "Latin America and the Caribbean"
}, {
  "name": "Faroe Islands",
  "alpha2": "FO",
  "alpha3": "FRO",
  "region": "Europe",
  "subRegion": "Northern Europe"
}, {
  "name": "Fiji",
  "alpha2": "FJ",
  "alpha3": "FJI",
  "region": "Oceania",
  "subRegion": "Melanesia"
}, {
  "name": "Finland",
  "alpha2": "FI",
  "alpha3": "FIN",
  "region": "Europe",
  "subRegion": "Northern Europe"
}, {
  "name": "France",
  "alpha2": "FR",
  "alpha3": "FRA",
  "region": "Europe",
  "subRegion": "Western Europe"
}, {
  "name": "French Guiana",
  "alpha2": "GF",
  "alpha3": "GUF",
  "region": "Americas",
  "subRegion": "Latin America and the Caribbean"
}, {
  "name": "French Polynesia",
  "alpha2": "PF",
  "alpha3": "PYF",
  "region": "Oceania",
  "subRegion": "Polynesia"
}, {
  "name": "French Southern Territories",
  "alpha2": "TF",
  "alpha3": "ATF",
  "region": "Africa",
  "subRegion": "Sub-Saharan Africa"
}, {
  "name": "Gabon",
  "alpha2": "GA",
  "alpha3": "GAB",
  "region": "Africa",
  "subRegion": "Sub-Saharan Africa"
}, {
  "name": "Gambia",
  "alpha2": "GM",
  "alpha3": "GMB",
  "region": "Africa",
  "subRegion": "Sub-Saharan Africa"
}, {
  "name": "Georgia",
  "alpha2": "GE",
  "alpha3": "GEO",
  "region": "Asia",
  "subRegion": "Western Asia"
}, {
  "name": "Germany",
  "alpha2": "DE",
  "alpha3": "DEU",
  "region": "Europe",
  "subRegion": "Western Europe"
}, {
  "name": "Ghana",
  "alpha2": "GH",
  "alpha3": "GHA",
  "region": "Africa",
  "subRegion": "Sub-Saharan Africa"
}, {
  "name": "Gibraltar",
  "alpha2": "GI",
  "alpha3": "GIB",
  "region": "Europe",
  "subRegion": "Southern Europe"
}, {
  "name": "Greece",
  "alpha2": "GR",
  "alpha3": "GRC",
  "region": "Europe",
  "subRegion": "Southern Europe"
}, {
  "name": "Greenland",
  "alpha2": "GL",
  "alpha3": "GRL",
  "region": "Americas",
  "subRegion": "Northern America"
}, {
  "name": "Grenada",
  "alpha2": "GD",
  "alpha3": "GRD",
  "region": "Americas",
  "subRegion": "Latin America and the Caribbean"
}, {
  "name": "Guadeloupe",
  "alpha2": "GP",
  "alpha3": "GLP",
  "region": "Americas",
  "subRegion": "Latin America and the Caribbean"
}, {
  "name": "Guam",
  "alpha2": "GU",
  "alpha3": "GUM",
  "region": "Oceania",
  "subRegion": "Micronesia"
}, {
  "name": "Guatemala",
  "alpha2": "GT",
  "alpha3": "GTM",
  "region": "Americas",
  "subRegion": "Latin America and the Caribbean"
}, {
  "name": "Guernsey",
  "alpha2": "GG",
  "alpha3": "GGY",
  "region": "Europe",
  "subRegion": "Northern Europe"
}, {
  "name": "Guinea",
  "alpha2": "GN",
  "alpha3": "GIN",
  "region": "Africa",
  "subRegion": "Sub-Saharan Africa"
}, {
  "name": "Guinea-Bissau",
  "alpha2": "GW",
  "alpha3": "GNB",
  "region": "Africa",
  "subRegion": "Sub-Saharan Africa"
}, {
  "name": "Guyana",
  "alpha2": "GY",
  "alpha3": "GUY",
  "region": "Americas",
  "subRegion": "Latin America and the Caribbean"
}, {
  "name": "Haiti",
  "alpha2": "HT",
  "alpha3": "HTI",
  "region": "Americas",
  "subRegion": "Latin America and the Caribbean"
}, {
  "name": "Heard Island and McDonald Islands",
  "alpha2": "HM",
  "alpha3": "HMD",
  "region": "Oceania",
  "subRegion": "Australia and New Zealand"
}, {
  "name": "Holy See",
  "alpha2": "VA",
  "alpha3": "VAT",
  "region": "Europe",
  "subRegion": "Southern Europe"
}, {
  "name": "Honduras",
  "alpha2": "HN",
  "alpha3": "HND",
  "region": "Americas",
  "subRegion": "Latin America and the Caribbean"
}, {
  "name": "Hong Kong",
  "alpha2": "HK",
  "alpha3": "HKG",
  "region": "Asia",
  "subRegion": "Eastern Asia"
}, {
  "name": "Hungary",
  "alpha2": "HU",
  "alpha3": "HUN",
  "region": "Europe",
  "subRegion": "Eastern Europe"
}, {
  "name": "Iceland",
  "alpha2": "IS",
  "alpha3": "ISL",
  "region": "Europe",
  "subRegion": "Northern Europe"
}, {
  "name": "India",
  "alpha2": "IN",
  "alpha3": "IND",
  "region": "Asia",
  "subRegion": "Southern Asia"
}, {
  "name": "Indonesia",
  "alpha2": "ID",
  "alpha3": "IDN",
  "region": "Asia",
  "subRegion": "South-eastern Asia"
}, {
  "name": "Iran (Islamic Republic of)",
  "alpha2": "IR",
  "alpha3": "IRN",
  "region": "Asia",
  "subRegion": "Southern Asia"
}, {
  "name": "Iraq",
  "alpha2": "IQ",
  "alpha3": "IRQ",
  "region": "Asia",
  "subRegion": "Western Asia"
}, {
  "name": "Ireland",
  "alpha2": "IE",
  "alpha3": "IRL",
  "region": "Europe",
  "subRegion": "Northern Europe"
}, {
  "name": "Isle of Man",
  "alpha2": "IM",
  "alpha3": "IMN",
  "region": "Europe",
  "subRegion": "Northern Europe"
}, {
  "name": "Israel",
  "alpha2": "IL",
  "alpha3": "ISR",
  "region": "Asia",
  "subRegion": "Western Asia"
}, {
  "name": "Italy",
  "alpha2": "IT",
  "alpha3": "ITA",
  "region": "Europe",
  "subRegion": "Southern Europe"
}, {
  "name": "Jamaica",
  "alpha2": "JM",
  "alpha3": "JAM",
  "region": "Americas",
  "subRegion": "Latin America and the Caribbean"
}, {
  "name": "Japan",
  "alpha2": "JP",
  "alpha3": "JPN",
  "region": "Asia",
  "subRegion": "Eastern Asia"
}, {
  "name": "Jersey",
  "alpha2": "JE",
  "alpha3": "JEY",
  "region": "Europe",
  "subRegion": "Northern Europe"
}, {
  "name": "Jordan",
  "alpha2": "JO",
  "alpha3": "JOR",
  "region": "Asia",
  "subRegion": "Western Asia"
}, {
  "name": "Kazakhstan",
  "alpha2": "KZ",
  "alpha3": "KAZ",
  "region": "Asia",
  "subRegion": "Central Asia"
}, {
  "name": "Kenya",
  "alpha2": "KE",
  "alpha3": "KEN",
  "region": "Africa",
  "subRegion": "Sub-Saharan Africa"
}, {
  "name": "Kiribati",
  "alpha2": "KI",
  "alpha3": "KIR",
  "region": "Oceania",
  "subRegion": "Micronesia"
}, {
  "name": "Korea (Democratic People's Republic of)",
  "alpha2": "KP",
  "alpha3": "PRK",
  "region": "Asia",
  "subRegion": "Eastern Asia"
}, {
  "name": "Korea, Republic of",
  "alpha2": "KR",
  "alpha3": "KOR",
  "region": "Asia",
  "subRegion": "Eastern Asia",
  "alternativeName": ["Republic of Korea", "Korea, South"]
}, {
  "name": "Kosovo",
  "alpha2": "XK",
  "alpha3": "XKX",
  "region": "Europe",
  "subRegion": "Southeast Europe"
}, {
  "name": "Kuwait",
  "alpha2": "KW",
  "alpha3": "KWT",
  "region": "Asia",
  "subRegion": "Western Asia"
}, {
  "name": "Kyrgyzstan",
  "alpha2": "KG",
  "alpha3": "KGZ",
  "region": "Asia",
  "subRegion": "Central Asia"
}, {
  "name": "Lao People's Democratic Republic",
  "alpha2": "LA",
  "alpha3": "LAO",
  "region": "Asia",
  "subRegion": "South-eastern Asia",
  "alternativeName": ["Laos"]
}, {
  "name": "Latvia",
  "alpha2": "LV",
  "alpha3": "LVA",
  "region": "Europe",
  "subRegion": "Northern Europe"
}, {
  "name": "Lebanon",
  "alpha2": "LB",
  "alpha3": "LBN",
  "region": "Asia",
  "subRegion": "Western Asia"
}, {
  "name": "Lesotho",
  "alpha2": "LS",
  "alpha3": "LSO",
  "region": "Africa",
  "subRegion": "Sub-Saharan Africa"
}, {
  "name": "Liberia",
  "alpha2": "LR",
  "alpha3": "LBR",
  "region": "Africa",
  "subRegion": "Sub-Saharan Africa"
}, {
  "name": "Libya",
  "alpha2": "LY",
  "alpha3": "LBY",
  "region": "Africa",
  "subRegion": "Northern Africa"
}, {
  "name": "Liechtenstein",
  "alpha2": "LI",
  "alpha3": "LIE",
  "region": "Europe",
  "subRegion": "Western Europe"
}, {
  "name": "Lithuania",
  "alpha2": "LT",
  "alpha3": "LTU",
  "region": "Europe",
  "subRegion": "Northern Europe"
}, {
  "name": "Luxembourg",
  "alpha2": "LU",
  "alpha3": "LUX",
  "region": "Europe",
  "subRegion": "Western Europe"
}, {
  "name": "Macao",
  "alpha2": "MO",
  "alpha3": "MAC",
  "region": "Asia",
  "subRegion": "Eastern Asia"
}, {
  "name": "Madagascar",
  "alpha2": "MG",
  "alpha3": "MDG",
  "region": "Africa",
  "subRegion": "Sub-Saharan Africa"
}, {
  "name": "Malawi",
  "alpha2": "MW",
  "alpha3": "MWI",
  "region": "Africa",
  "subRegion": "Sub-Saharan Africa"
}, {
  "name": "Malaysia",
  "alpha2": "MY",
  "alpha3": "MYS",
  "region": "Asia",
  "subRegion": "South-eastern Asia"
}, {
  "name": "Maldives",
  "alpha2": "MV",
  "alpha3": "MDV",
  "region": "Asia",
  "subRegion": "Southern Asia"
}, {
  "name": "Mali",
  "alpha2": "ML",
  "alpha3": "MLI",
  "region": "Africa",
  "subRegion": "Sub-Saharan Africa"
}, {
  "name": "Malta",
  "alpha2": "MT",
  "alpha3": "MLT",
  "region": "Europe",
  "subRegion": "Southern Europe"
}, {
  "name": "Marshall Islands",
  "alpha2": "MH",
  "alpha3": "MHL",
  "region": "Oceania",
  "subRegion": "Micronesia"
}, {
  "name": "Martinique",
  "alpha2": "MQ",
  "alpha3": "MTQ",
  "region": "Americas",
  "subRegion": "Latin America and the Caribbean"
}, {
  "name": "Mauritania",
  "alpha2": "MR",
  "alpha3": "MRT",
  "region": "Africa",
  "subRegion": "Sub-Saharan Africa"
}, {
  "name": "Mauritius",
  "alpha2": "MU",
  "alpha3": "MUS",
  "region": "Africa",
  "subRegion": "Sub-Saharan Africa"
}, {
  "name": "Mayotte",
  "alpha2": "YT",
  "alpha3": "MYT",
  "region": "Africa",
  "subRegion": "Sub-Saharan Africa"
}, {
  "name": "Mexico",
  "alpha2": "MX",
  "alpha3": "MEX",
  "region": "Americas",
  "subRegion": "Latin America and the Caribbean"
}, {
  "name": "Micronesia (Federated States of)",
  "alpha2": "FM",
  "alpha3": "FSM",
  "region": "Oceania",
  "subRegion": "Micronesia"
}, {
  "name": "Moldova, Republic of",
  "alpha2": "MD",
  "alpha3": "MDA",
  "region": "Europe",
  "subRegion": "Eastern Europe"
}, {
  "name": "Monaco",
  "alpha2": "MC",
  "alpha3": "MCO",
  "region": "Europe",
  "subRegion": "Western Europe"
}, {
  "name": "Mongolia",
  "alpha2": "MN",
  "alpha3": "MNG",
  "region": "Asia",
  "subRegion": "Eastern Asia"
}, {
  "name": "Montenegro",
  "alpha2": "ME",
  "alpha3": "MNE",
  "region": "Europe",
  "subRegion": "Southern Europe"
}, {
  "name": "Montserrat",
  "alpha2": "MS",
  "alpha3": "MSR",
  "region": "Americas",
  "subRegion": "Latin America and the Caribbean"
}, {
  "name": "Morocco",
  "alpha2": "MA",
  "alpha3": "MAR",
  "region": "Africa",
  "subRegion": "Northern Africa"
}, {
  "name": "Mozambique",
  "alpha2": "MZ",
  "alpha3": "MOZ",
  "region": "Africa",
  "subRegion": "Sub-Saharan Africa"
}, {
  "name": "Myanmar",
  "alpha2": "MM",
  "alpha3": "MMR",
  "region": "Asia",
  "subRegion": "South-eastern Asia",
  "alternativeName": ["Burma"]
}, {
  "name": "Namibia",
  "alpha2": "NA",
  "alpha3": "NAM",
  "region": "Africa",
  "subRegion": "Sub-Saharan Africa"
}, {
  "name": "Nauru",
  "alpha2": "NR",
  "alpha3": "NRU",
  "region": "Oceania",
  "subRegion": "Micronesia"
}, {
  "name": "Nepal",
  "alpha2": "NP",
  "alpha3": "NPL",
  "region": "Asia",
  "subRegion": "Southern Asia"
}, {
  "name": "Netherlands",
  "alpha2": "NL",
  "alpha3": "NLD",
  "region": "Europe",
  "subRegion": "Western Europe"
}, {
  "name": "New Caledonia",
  "alpha2": "NC",
  "alpha3": "NCL",
  "region": "Oceania",
  "subRegion": "Melanesia"
}, {
  "name": "New Zealand",
  "alpha2": "NZ",
  "alpha3": "NZL",
  "region": "Oceania",
  "subRegion": "Australia and New Zealand"
}, {
  "name": "Nicaragua",
  "alpha2": "NI",
  "alpha3": "NIC",
  "region": "Americas",
  "subRegion": "Latin America and the Caribbean"
}, {
  "name": "Niger",
  "alpha2": "NE",
  "alpha3": "NER",
  "region": "Africa",
  "subRegion": "Sub-Saharan Africa"
}, {
  "name": "Nigeria",
  "alpha2": "NG",
  "alpha3": "NGA",
  "region": "Africa",
  "subRegion": "Sub-Saharan Africa"
}, {
  "name": "Niue",
  "alpha2": "NU",
  "alpha3": "NIU",
  "region": "Oceania",
  "subRegion": "Polynesia"
}, {
  "name": "Norfolk Island",
  "alpha2": "NF",
  "alpha3": "NFK",
  "region": "Oceania",
  "subRegion": "Australia and New Zealand"
}, {
  "name": "North Macedonia",
  "alpha2": "MK",
  "alpha3": "MKD",
  "region": "Europe",
  "subRegion": "Southern Europe"
}, {
  "name": "Northern Mariana Islands",
  "alpha2": "MP",
  "alpha3": "MNP",
  "region": "Oceania",
  "subRegion": "Micronesia"
}, {
  "name": "Norway",
  "alpha2": "NO",
  "alpha3": "NOR",
  "region": "Europe",
  "subRegion": "Northern Europe"
}, {
  "name": "Oman",
  "alpha2": "OM",
  "alpha3": "OMN",
  "region": "Asia",
  "subRegion": "Western Asia"
}, {
  "name": "Pakistan",
  "alpha2": "PK",
  "alpha3": "PAK",
  "region": "Asia",
  "subRegion": "Southern Asia"
}, {
  "name": "Palau",
  "alpha2": "PW",
  "alpha3": "PLW",
  "region": "Oceania",
  "subRegion": "Micronesia"
}, {
  "name": "Palestine, State of",
  "alpha2": "PS",
  "alpha3": "PSE",
  "region": "Asia",
  "subRegion": "Western Asia"
}, {
  "name": "Panama",
  "alpha2": "PA",
  "alpha3": "PAN",
  "region": "Americas",
  "subRegion": "Latin America and the Caribbean"
}, {
  "name": "Papua New Guinea",
  "alpha2": "PG",
  "alpha3": "PNG",
  "region": "Oceania",
  "subRegion": "Melanesia"
}, {
  "name": "Paraguay",
  "alpha2": "PY",
  "alpha3": "PRY",
  "region": "Americas",
  "subRegion": "Latin America and the Caribbean"
}, {
  "name": "Peru",
  "alpha2": "PE",
  "alpha3": "PER",
  "region": "Americas",
  "subRegion": "Latin America and the Caribbean"
}, {
  "name": "Philippines",
  "alpha2": "PH",
  "alpha3": "PHL",
  "region": "Asia",
  "subRegion": "South-eastern Asia"
}, {
  "name": "Pitcairn",
  "alpha2": "PN",
  "alpha3": "PCN",
  "region": "Oceania",
  "subRegion": "Polynesia"
}, {
  "name": "Poland",
  "alpha2": "PL",
  "alpha3": "POL",
  "region": "Europe",
  "subRegion": "Eastern Europe"
}, {
  "name": "Portugal",
  "alpha2": "PT",
  "alpha3": "PRT",
  "region": "Europe",
  "subRegion": "Southern Europe"
}, {
  "name": "Puerto Rico",
  "alpha2": "PR",
  "alpha3": "PRI",
  "region": "Americas",
  "subRegion": "Latin America and the Caribbean"
}, {
  "name": "Qatar",
  "alpha2": "QA",
  "alpha3": "QAT",
  "region": "Asia",
  "subRegion": "Western Asia"
}, {
  "name": "Réunion",
  "alpha2": "RE",
  "alpha3": "REU",
  "region": "Africa",
  "subRegion": "Sub-Saharan Africa"
}, {
  "name": "Romania",
  "alpha2": "RO",
  "alpha3": "ROU",
  "region": "Europe",
  "subRegion": "Eastern Europe"
}, {
  "name": "Russian Federation",
  "alpha2": "RU",
  "alpha3": "RUS",
  "region": "Europe",
  "subRegion": "Eastern Europe"
}, {
  "name": "Rwanda",
  "alpha2": "RW",
  "alpha3": "RWA",
  "region": "Africa",
  "subRegion": "Sub-Saharan Africa"
}, {
  "name": "Saint Barthélemy",
  "alpha2": "BL",
  "alpha3": "BLM",
  "region": "Americas",
  "subRegion": "Latin America and the Caribbean"
}, {
  "name": "Saint Helena, Ascension and Tristan da Cunha",
  "alpha2": "SH",
  "alpha3": "SHN",
  "region": "Africa",
  "subRegion": "Sub-Saharan Africa"
}, {
  "name": "Saint Kitts and Nevis",
  "alpha2": "KN",
  "alpha3": "KNA",
  "region": "Americas",
  "subRegion": "Latin America and the Caribbean"
}, {
  "name": "Saint Lucia",
  "alpha2": "LC",
  "alpha3": "LCA",
  "region": "Americas",
  "subRegion": "Latin America and the Caribbean"
}, {
  "name": "Saint Martin (French part)",
  "alpha2": "MF",
  "alpha3": "MAF",
  "region": "Americas",
  "subRegion": "Latin America and the Caribbean"
}, {
  "name": "Saint Pierre and Miquelon",
  "alpha2": "PM",
  "alpha3": "SPM",
  "region": "Americas",
  "subRegion": "Northern America"
}, {
  "name": "Saint Vincent and the Grenadines",
  "alpha2": "VC",
  "alpha3": "VCT",
  "region": "Americas",
  "subRegion": "Latin America and the Caribbean"
}, {
  "name": "Samoa",
  "alpha2": "WS",
  "alpha3": "WSM",
  "region": "Oceania",
  "subRegion": "Polynesia"
}, {
  "name": "San Marino",
  "alpha2": "SM",
  "alpha3": "SMR",
  "region": "Europe",
  "subRegion": "Southern Europe"
}, {
  "name": "Sao Tome and Principe",
  "alpha2": "ST",
  "alpha3": "STP",
  "region": "Africa",
  "subRegion": "Sub-Saharan Africa"
}, {
  "name": "Saudi Arabia",
  "alpha2": "SA",
  "alpha3": "SAU",
  "region": "Asia",
  "subRegion": "Western Asia"
}, {
  "name": "Senegal",
  "alpha2": "SN",
  "alpha3": "SEN",
  "region": "Africa",
  "subRegion": "Sub-Saharan Africa"
}, {
  "name": "Serbia",
  "alpha2": "RS",
  "alpha3": "SRB",
  "region": "Europe",
  "subRegion": "Southern Europe"
}, {
  "name": "Seychelles",
  "alpha2": "SC",
  "alpha3": "SYC",
  "region": "Africa",
  "subRegion": "Sub-Saharan Africa"
}, {
  "name": "Sierra Leone",
  "alpha2": "SL",
  "alpha3": "SLE",
  "region": "Africa",
  "subRegion": "Sub-Saharan Africa"
}, {
  "name": "Singapore",
  "alpha2": "SG",
  "alpha3": "SGP",
  "region": "Asia",
  "subRegion": "South-eastern Asia"
}, {
  "name": "Sint Maarten (Dutch part)",
  "alpha2": "SX",
  "alpha3": "SXM",
  "region": "Americas",
  "subRegion": "Latin America and the Caribbean"
}, {
  "name": "Slovakia",
  "alpha2": "SK",
  "alpha3": "SVK",
  "region": "Europe",
  "subRegion": "Eastern Europe"
}, {
  "name": "Slovenia",
  "alpha2": "SI",
  "alpha3": "SVN",
  "region": "Europe",
  "subRegion": "Southern Europe"
}, {
  "name": "Solomon Islands",
  "alpha2": "SB",
  "alpha3": "SLB",
  "region": "Oceania",
  "subRegion": "Melanesia"
}, {
  "name": "Somalia",
  "alpha2": "SO",
  "alpha3": "SOM",
  "region": "Africa",
  "subRegion": "Sub-Saharan Africa"
}, {
  "name": "South Africa",
  "alpha2": "ZA",
  "alpha3": "ZAF",
  "region": "Africa",
  "subRegion": "Sub-Saharan Africa"
}, {
  "name": "South Georgia and the South Sandwich Islands",
  "alpha2": "GS",
  "alpha3": "SGS",
  "region": "Americas",
  "subRegion": "Latin America and the Caribbean"
}, {
  "name": "South Sudan",
  "alpha2": "SS",
  "alpha3": "SSD",
  "region": "Africa",
  "subRegion": "Sub-Saharan Africa"
}, {
  "name": "Spain",
  "alpha2": "ES",
  "alpha3": "ESP",
  "region": "Europe",
  "subRegion": "Southern Europe"
}, {
  "name": "Sri Lanka",
  "alpha2": "LK",
  "alpha3": "LKA",
  "region": "Asia",
  "subRegion": "Southern Asia"
}, {
  "name": "Sudan",
  "alpha2": "SD",
  "alpha3": "SDN",
  "region": "Africa",
  "subRegion": "Northern Africa"
}, {
  "name": "Suriname",
  "alpha2": "SR",
  "alpha3": "SUR",
  "region": "Americas",
  "subRegion": "Latin America and the Caribbean"
}, {
  "name": "Svalbard and Jan Mayen",
  "alpha2": "SJ",
  "alpha3": "SJM",
  "region": "Europe",
  "subRegion": "Northern Europe"
}, {
  "name": "Sweden",
  "alpha2": "SE",
  "alpha3": "SWE",
  "region": "Europe",
  "subRegion": "Northern Europe"
}, {
  "name": "Switzerland",
  "alpha2": "CH",
  "alpha3": "CHE",
  "region": "Europe",
  "subRegion": "Western Europe"
}, {
  "name": "Syrian Arab Republic",
  "alpha2": "SY",
  "alpha3": "SYR",
  "region": "Asia",
  "subRegion": "Western Asia"
}, {
  "name": "Taiwan, Province of China",
  "alpha2": "TW",
  "alpha3": "TWN",
  "region": "Asia",
  "subRegion": "Eastern Asia",
  "alternativeName": ["Taiwan", "Taiwan*"]
}, {
  "name": "Tajikistan",
  "alpha2": "TJ",
  "alpha3": "TJK",
  "region": "Asia",
  "subRegion": "Central Asia"
}, {
  "name": "Tanzania, United Republic of",
  "alpha2": "TZ",
  "alpha3": "TZA",
  "region": "Africa",
  "subRegion": "Sub-Saharan Africa"
}, {
  "name": "Thailand",
  "alpha2": "TH",
  "alpha3": "THA",
  "region": "Asia",
  "subRegion": "South-eastern Asia"
}, {
  "name": "Timor-Leste",
  "alpha2": "TL",
  "alpha3": "TLS",
  "region": "Asia",
  "subRegion": "South-eastern Asia"
}, {
  "name": "Togo",
  "alpha2": "TG",
  "alpha3": "TGO",
  "region": "Africa",
  "subRegion": "Sub-Saharan Africa"
}, {
  "name": "Tokelau",
  "alpha2": "TK",
  "alpha3": "TKL",
  "region": "Oceania",
  "subRegion": "Polynesia"
}, {
  "name": "Tonga",
  "alpha2": "TO",
  "alpha3": "TON",
  "region": "Oceania",
  "subRegion": "Polynesia"
}, {
  "name": "Trinidad and Tobago",
  "alpha2": "TT",
  "alpha3": "TTO",
  "region": "Americas",
  "subRegion": "Latin America and the Caribbean"
}, {
  "name": "Tunisia",
  "alpha2": "TN",
  "alpha3": "TUN",
  "region": "Africa",
  "subRegion": "Northern Africa"
}, {
  "name": "Turkey",
  "alpha2": "TR",
  "alpha3": "TUR",
  "region": "Asia",
  "subRegion": "Western Asia"
}, {
  "name": "Turkmenistan",
  "alpha2": "TM",
  "alpha3": "TKM",
  "region": "Asia",
  "subRegion": "Central Asia"
}, {
  "name": "Turks and Caicos Islands",
  "alpha2": "TC",
  "alpha3": "TCA",
  "region": "Americas",
  "subRegion": "Latin America and the Caribbean"
}, {
  "name": "Tuvalu",
  "alpha2": "TV",
  "alpha3": "TUV",
  "region": "Oceania",
  "subRegion": "Polynesia"
}, {
  "name": "Uganda",
  "alpha2": "UG",
  "alpha3": "UGA",
  "region": "Africa",
  "subRegion": "Sub-Saharan Africa"
}, {
  "name": "Ukraine",
  "alpha2": "UA",
  "alpha3": "UKR",
  "region": "Europe",
  "subRegion": "Eastern Europe"
}, {
  "name": "United Arab Emirates",
  "alpha2": "AE",
  "alpha3": "ARE",
  "region": "Asia",
  "subRegion": "Western Asia"
}, {
  "name": "United Kingdom of Great Britain and Northern Ireland",
  "alpha2": "GB",
  "alpha3": "GBR",
  "region": "Europe",
  "subRegion": "Northern Europe"
}, {
  "name": "United States of America",
  "alpha2": "US",
  "alpha3": "USA",
  "region": "Americas",
  "subRegion": "Northern America",
  "alternativeName": ["US"]
}, {
  "name": "United States Minor Outlying Islands",
  "alpha2": "UM",
  "alpha3": "UMI",
  "region": "Oceania",
  "subRegion": "Micronesia"
}, {
  "name": "Uruguay",
  "alpha2": "UY",
  "alpha3": "URY",
  "region": "Americas",
  "subRegion": "Latin America and the Caribbean"
}, {
  "name": "Uzbekistan",
  "alpha2": "UZ",
  "alpha3": "UZB",
  "region": "Asia",
  "subRegion": "Central Asia"
}, {
  "name": "Vanuatu",
  "alpha2": "VU",
  "alpha3": "VUT",
  "region": "Oceania",
  "subRegion": "Melanesia"
}, {
  "name": "Venezuela (Bolivarian Republic of)",
  "alpha2": "VE",
  "alpha3": "VEN",
  "region": "Americas",
  "subRegion": "Latin America and the Caribbean"
}, {
  "name": "Viet Nam",
  "alpha2": "VN",
  "alpha3": "VNM",
  "region": "Asia",
  "subRegion": "South-eastern Asia",
  "alternativeName": ["Vietnam"]
}, {
  "name": "Virgin Islands (British)",
  "alpha2": "VG",
  "alpha3": "VGB",
  "region": "Americas",
  "subRegion": "Latin America and the Caribbean"
}, {
  "name": "Virgin Islands (U.S.)",
  "alpha2": "VI",
  "alpha3": "VIR",
  "region": "Americas",
  "subRegion": "Latin America and the Caribbean"
}, {
  "name": "Wallis and Futuna",
  "alpha2": "WF",
  "alpha3": "WLF",
  "region": "Oceania",
  "subRegion": "Polynesia"
}, {
  "name": "Western Sahara",
  "alpha2": "EH",
  "alpha3": "ESH",
  "region": "Africa",
  "subRegion": "Northern Africa"
}, {
  "name": "Yemen",
  "alpha2": "YE",
  "alpha3": "YEM",
  "region": "Asia",
  "subRegion": "Western Asia"
}, {
  "name": "Zambia",
  "alpha2": "ZM",
  "alpha3": "ZMB",
  "region": "Africa",
  "subRegion": "Sub-Saharan Africa"
}, {
  "name": "Zimbabwe",
  "alpha2": "ZW",
  "alpha3": "ZWE",
  "region": "Africa",
  "subRegion": "Sub-Saharan Africa"
}, {
  "name": "Diamond Princess",
  "alpha2": "X1",
  "alpha3": "XX1",
  "region": "-",
  "subRegion": "-"
}, {
  "name": "West Bank and Gaza",
  "alpha2": "X2",
  "alpha3": "XX2",
  "region": "-",
  "subRegion": "-"
}]